epoch,accuracy,loss,val_accuracy,val_loss
0,0.9354333281517029,0.22372935712337494,0.9638000130653381,0.12251529842615128
1,0.9705166816711426,0.09996555000543594,0.9711999893188477,0.09527107328176498
2,0.9786999821662903,0.07318039238452911,0.9731000065803528,0.09374894201755524
3,0.9834499955177307,0.05689796805381775,0.9786999821662903,0.0812717005610466
4,0.9865333437919617,0.04815952479839325,0.9765999913215637,0.09133989363908768
5,0.9892333149909973,0.03922504186630249,0.9779999852180481,0.08513641357421875
6,0.9908666610717773,0.03311694413423538,0.9790999889373779,0.08442753553390503
