epoch,accuracy,loss,val_accuracy,val_loss
0,0.9409166574478149,0.20049941539764404,0.9699000120162964,0.10307212173938751
1,0.9737499952316284,0.08975778520107269,0.972599983215332,0.10568203032016754
2,0.9816499948501587,0.06551729142665863,0.9751999974250793,0.09223509579896927
3,0.9858499765396118,0.05119062587618828,0.9775999784469604,0.08972658216953278
4,0.9886333346366882,0.04208863154053688,0.9807000160217285,0.08186031132936478
5,0.991016685962677,0.03349502757191658,0.9786999821662903,0.09789814054965973
6,0.9927833080291748,0.026847291737794876,0.9799000024795532,0.09465668350458145
