{"accuracy": 0.9925833344459534, "loss": 0.026549294590950012, "time_real": 39.29528498649597, "time_process": 153.604149}