{"accuracy": 0.9908666610717773, "loss": 0.03311694413423538, "time_real": 20.481462001800537, "time_process": 59.909404}