{"accuracy": 0.9934999942779541, "loss": 0.024988383054733276, "time_real": 33.03265023231506, "time_process": 87.12560500000001}