{"accuracy": 0.9927833080291748, "loss": 0.026847291737794876, "time_real": 37.419862031936646, "time_process": 156.618607}